{"current":{"logo_width":90,"type_header_font":"assistant_n4","heading_scale":100,"type_body_font":"assistant_n4","body_scale":100,"page_width":1200,"spacing_sections":0,"spacing_grid_horizontal":8,"spacing_grid_vertical":8,"animations_reveal_on_scroll":true,"animations_hover_elements":"none","buttons_border_thickness":1,"buttons_border_opacity":100,"buttons_radius":0,"buttons_shadow_opacity":0,"buttons_shadow_horizontal_offset":0,"buttons_shadow_vertical_offset":4,"buttons_shadow_blur":5,"variant_pills_border_thickness":1,"variant_pills_border_opacity":55,"variant_pills_radius":40,"variant_pills_shadow_opacity":0,"variant_pills_shadow_horizontal_offset":0,"variant_pills_shadow_vertical_offset":4,"variant_pills_shadow_blur":5,"inputs_border_thickness":1,"inputs_border_opacity":55,"inputs_radius":0,"inputs_shadow_opacity":0,"inputs_shadow_horizontal_offset":0,"inputs_shadow_vertical_offset":4,"inputs_shadow_blur":5,"card_style":"standard","card_image_padding":0,"card_text_alignment":"left","card_color_scheme":"scheme-2","card_border_thickness":0,"card_border_opacity":10,"card_corner_radius":0,"card_shadow_opacity":0,"card_shadow_horizontal_offset":0,"card_shadow_vertical_offset":4,"card_shadow_blur":5,"collection_card_style":"standard","collection_card_image_padding":0,"collection_card_text_alignment":"left","collection_card_color_scheme":"scheme-2","collection_card_border_thickness":0,"collection_card_border_opacity":10,"collection_card_corner_radius":0,"collection_card_shadow_opacity":0,"collection_card_shadow_horizontal_offset":0,"collection_card_shadow_vertical_offset":4,"collection_card_shadow_blur":5,"blog_card_style":"standard","blog_card_image_padding":0,"blog_card_text_alignment":"left","blog_card_color_scheme":"scheme-2","blog_card_border_thickness":0,"blog_card_border_opacity":10,"blog_card_corner_radius":0,"blog_card_shadow_opacity":0,"blog_card_shadow_horizontal_offset":0,"blog_card_shadow_vertical_offset":4,"blog_card_shadow_blur":5,"text_boxes_border_thickness":0,"text_boxes_border_opacity":10,"text_boxes_radius":0,"text_boxes_shadow_opacity":0,"text_boxes_shadow_horizontal_offset":0,"text_boxes_shadow_vertical_offset":4,"text_boxes_shadow_blur":5,"media_border_thickness":1,"media_border_opacity":5,"media_radius":0,"media_shadow_opacity":0,"media_shadow_horizontal_offset":0,"media_shadow_vertical_offset":4,"media_shadow_blur":5,"popup_border_thickness":1,"popup_border_opacity":10,"popup_corner_radius":0,"popup_shadow_opacity":5,"popup_shadow_horizontal_offset":0,"popup_shadow_vertical_offset":4,"popup_shadow_blur":5,"drawer_border_thickness":1,"drawer_border_opacity":10,"drawer_shadow_opacity":0,"drawer_shadow_horizontal_offset":0,"drawer_shadow_vertical_offset":4,"drawer_shadow_blur":5,"badge_position":"bottom left","badge_corner_radius":40,"sale_badge_color_scheme":"scheme-4","sold_out_badge_color_scheme":"scheme-3","brand_headline":"","brand_description":"<p><\/p>","brand_image_width":100,"social_facebook_link":"","social_instagram_link":"","social_youtube_link":"","social_tiktok_link":"","social_twitter_link":"","social_snapchat_link":"","social_pinterest_link":"","social_tumblr_link":"","social_vimeo_link":"","predictive_search_enabled":true,"predictive_search_show_vendor":false,"predictive_search_show_price":false,"currency_code_enabled":true,"cart_type":"notification","show_vendor":false,"show_cart_note":false,"cart_drawer_collection":"","cart_color_scheme":"scheme-1","sections":{"main-password-header":{"type":"main-password-header","settings":{"color_scheme":"scheme-1"}},"main-password-footer":{"type":"main-password-footer","settings":{"color_scheme":"scheme-1"}}},"content_for_index":[],"blocks":{"5946647744298494267":{"type":"shopify:\/\/apps\/wishlist-plus\/blocks\/wishlist-app-embed\/80c3b1fc-3a8f-407e-8367-ffdeebb8b612","disabled":true,"settings":{}},"10274264662263595587":{"type":"shopify:\/\/apps\/wishlist-plus\/blocks\/wishlist-collections-embed\/80c3b1fc-3a8f-407e-8367-ffdeebb8b612","disabled":true,"settings":{"swym_collections_icon_type":"heart","swym_collections_position":"top-right","swym_collections_vertical_offset":0,"swym_collections_horizontal_offset":0,"swym_collections_button_size":25,"swym_collections_icon_color":"#000000","swym_collections_product_link_selector":"-","swym_collections_product_tile_selector":"-","enable_variant_selector":false,"swym_add_to_wishlist_title_color":"#333","swym_variant_selector_font_size_1":14,"swym_variant_selector_popup_bg_color":"#fff","swym_variant_selector_section_heading_color":"#000","swym_variant_selector_section_heading_font_size_2":12,"swym_variant_selector_choose_create_text":"Choose or Create new Wishlist","swym_variant_selector_wishlist_btn_bg_color":"#292929","swym_variant_selector_wishlist_btn_color":"#fff","swym_variant_selector_product_detail_font_color":"#fff","swym_variant_selector_create_list_placeholder_text":"Enter wishlist name","swym_variant_selector_create_list_title":"Name Your Wishlist"}},"10583289249535060075":{"type":"shopify:\/\/apps\/basic-wishlist\/blocks\/popup\/1611f065-e251-4250-8609-2fa2f1877c57","disabled":true,"settings":{"icon_width":36,"icon":"solid","icon_color":"#ea3c53","counter_font_size":9,"counter_padding":3,"counter_radius":30,"counter_offset":4,"counter_color":"#ffffff","counter_bg_color":"#ea3c53","sidebar_position":"bottomright","sidebar_border_width":0,"sidebar_border_radius":132,"sidebar_padding":12,"sidebar_margin":20,"sidebar_bg_color":"#ffffff","sidebar_border_color":"#ea3c53","popup_border_radius":0,"popup_border_width":1,"popup_bg_color":"#ffffff","popup_border_color":"#e7e7e7","popup_heading":"#121212","close_icon":"thin","popup_image_radius":0,"popup_link":"#121212","popup_backdrop":"#fdf2f4"}},"14060646107696862457":{"type":"shopify:\/\/apps\/judge-me-reviews\/blocks\/judgeme_core\/61ccd3b1-a9f2-4160-9fe9-4fec8413e5d8","disabled":false,"settings":{}}},"color_schemes":{"scheme-1":{"settings":{"background":"#ffffff","background_gradient":"","text":"#121212","button":"#121212","button_label":"#ffffff","secondary_button_label":"#121212","shadow":"#121212"}},"scheme-2":{"settings":{"background":"#f3f3f3","background_gradient":"","text":"#121212","button":"#121212","button_label":"#f3f3f3","secondary_button_label":"#121212","shadow":"#121212"}},"scheme-3":{"settings":{"background":"#242833","background_gradient":"","text":"#ffffff","button":"#ffffff","button_label":"#000000","secondary_button_label":"#ffffff","shadow":"#121212"}},"scheme-4":{"settings":{"background":"#121212","background_gradient":"","text":"#ffffff","button":"#ffffff","button_label":"#121212","secondary_button_label":"#ffffff","shadow":"#121212"}},"scheme-5":{"settings":{"background":"#334fb4","background_gradient":"","text":"#ffffff","button":"#ffffff","button_label":"#334fb4","secondary_button_label":"#ffffff","shadow":"#121212"}}}},"presets":{"Default":{"logo_width":90,"color_schemes":{"scheme-1":{"settings":{"background":"#FFFFFF","background_gradient":"","text":"#121212","button":"#121212","button_label":"#FFFFFF","secondary_button_label":"#121212","shadow":"#121212"}},"scheme-2":{"settings":{"background":"#F3F3F3","background_gradient":"","text":"#121212","button":"#121212","button_label":"#F3F3F3","secondary_button_label":"#121212","shadow":"#121212"}},"scheme-3":{"settings":{"background":"#242833","background_gradient":"","text":"#FFFFFF","button":"#FFFFFF","button_label":"#000000","secondary_button_label":"#FFFFFF","shadow":"#121212"}},"scheme-4":{"settings":{"background":"#121212","background_gradient":"","text":"#FFFFFF","button":"#FFFFFF","button_label":"#121212","secondary_button_label":"#FFFFFF","shadow":"#121212"}},"scheme-5":{"settings":{"background":"#334FB4","background_gradient":"","text":"#FFFFFF","button":"#FFFFFF","button_label":"#334FB4","secondary_button_label":"#FFFFFF","shadow":"#121212"}}},"type_header_font":"assistant_n4","heading_scale":100,"type_body_font":"assistant_n4","body_scale":100,"page_width":1200,"spacing_sections":0,"spacing_grid_horizontal":8,"spacing_grid_vertical":8,"animations_reveal_on_scroll":true,"animations_hover_elements":"none","buttons_border_thickness":1,"buttons_border_opacity":100,"buttons_radius":0,"buttons_shadow_opacity":0,"buttons_shadow_horizontal_offset":0,"buttons_shadow_vertical_offset":4,"buttons_shadow_blur":5,"variant_pills_border_thickness":1,"variant_pills_border_opacity":55,"variant_pills_radius":40,"variant_pills_shadow_opacity":0,"variant_pills_shadow_horizontal_offset":0,"variant_pills_shadow_vertical_offset":4,"variant_pills_shadow_blur":5,"inputs_border_thickness":1,"inputs_border_opacity":55,"inputs_radius":0,"inputs_shadow_opacity":0,"inputs_shadow_horizontal_offset":0,"inputs_shadow_vertical_offset":4,"inputs_shadow_blur":5,"card_style":"standard","card_image_padding":0,"card_text_alignment":"left","card_color_scheme":"scheme-2","card_border_thickness":0,"card_border_opacity":10,"card_corner_radius":0,"card_shadow_opacity":0,"card_shadow_horizontal_offset":0,"card_shadow_vertical_offset":4,"card_shadow_blur":5,"collection_card_style":"standard","collection_card_image_padding":0,"collection_card_text_alignment":"left","collection_card_color_scheme":"scheme-2","collection_card_border_thickness":0,"collection_card_border_opacity":10,"collection_card_corner_radius":0,"collection_card_shadow_opacity":0,"collection_card_shadow_horizontal_offset":0,"collection_card_shadow_vertical_offset":4,"collection_card_shadow_blur":5,"blog_card_style":"standard","blog_card_image_padding":0,"blog_card_text_alignment":"left","blog_card_color_scheme":"scheme-2","blog_card_border_thickness":0,"blog_card_border_opacity":10,"blog_card_corner_radius":0,"blog_card_shadow_opacity":0,"blog_card_shadow_horizontal_offset":0,"blog_card_shadow_vertical_offset":4,"blog_card_shadow_blur":5,"text_boxes_border_thickness":0,"text_boxes_border_opacity":10,"text_boxes_radius":0,"text_boxes_shadow_opacity":0,"text_boxes_shadow_horizontal_offset":0,"text_boxes_shadow_vertical_offset":4,"text_boxes_shadow_blur":5,"media_border_thickness":1,"media_border_opacity":5,"media_radius":0,"media_shadow_opacity":0,"media_shadow_horizontal_offset":0,"media_shadow_vertical_offset":4,"media_shadow_blur":5,"popup_border_thickness":1,"popup_border_opacity":10,"popup_corner_radius":0,"popup_shadow_opacity":5,"popup_shadow_horizontal_offset":0,"popup_shadow_vertical_offset":4,"popup_shadow_blur":5,"drawer_border_thickness":1,"drawer_border_opacity":10,"drawer_shadow_opacity":0,"drawer_shadow_horizontal_offset":0,"drawer_shadow_vertical_offset":4,"drawer_shadow_blur":5,"badge_position":"bottom left","badge_corner_radius":40,"sale_badge_color_scheme":"scheme-4","sold_out_badge_color_scheme":"scheme-3","brand_headline":"","brand_description":"<p><\/p>","brand_image_width":100,"social_twitter_link":"","social_facebook_link":"","social_pinterest_link":"","social_instagram_link":"","social_tiktok_link":"","social_tumblr_link":"","social_snapchat_link":"","social_youtube_link":"","social_vimeo_link":"","predictive_search_enabled":true,"predictive_search_show_vendor":false,"predictive_search_show_price":false,"currency_code_enabled":true,"cart_type":"notification","show_vendor":false,"show_cart_note":false,"cart_drawer_collection":"","cart_color_scheme":"scheme-1","sections":{"main-password-header":{"type":"main-password-header","settings":{"color_scheme":"scheme-1"}},"main-password-footer":{"type":"main-password-footer","settings":{"color_scheme":"scheme-1"}}}}}}