{"sections":{"image_banner":{"type":"image-banner","blocks":{"heading":{"type":"heading","settings":{"heading":"Browse our latest products","heading_size":"h0"}},"button":{"type":"buttons","settings":{"button_label_1":"Shop all","button_link_1":"shopify:\/\/collections\/all","button_style_secondary_1":true,"button_label_2":"","button_link_2":"","button_style_secondary_2":false}}},"block_order":["heading","button"],"settings":{"image_overlay_opacity":40,"image_height":"large","desktop_content_position":"bottom-center","show_text_box":false,"desktop_content_alignment":"center","color_scheme":"scheme-3","image_behavior":"none","mobile_content_alignment":"center","stack_images_on_mobile":false,"show_text_below":false}},"featured_collection":{"type":"featured-collection","settings":{"title":"Featured products","heading_size":"h2","description":"","show_description":false,"description_style":"body","collection":"all","products_to_show":8,"columns_desktop":4,"full_width":false,"show_view_all":true,"view_all_style":"solid","enable_desktop_slider":false,"color_scheme":"scheme-1","image_ratio":"square","image_shape":"default","show_secondary_image":true,"show_vendor":false,"show_rating":false,"quick_add":"none","columns_mobile":"2","swipe_on_mobile":false,"padding_top":44,"padding_bottom":36}},"1725346873449f2d4c":{"type":"apps","blocks":{"simpleapp_star_rating_YHaEDx":{"type":"shopify:\/\/apps\/simpleapp\/blocks\/star_rating\/be833cd2-9144-4ed6-83ac-5b7fe4a8f1e7","settings":{"text":"App Development","colour":"#000000","vertical_alignment":"center","product_list":["aaaaaa","adeline-contemporary-bevelled-mirror","adrianne-silver-leaner-mirror","adrianne-white-leaner-mirror","fdgdfgfd","eerttertertertre","simple-classic-french-white-mirror","timeless-silvery-champagne-rectangular-mirror"]}}},"block_order":["simpleapp_star_rating_YHaEDx"],"settings":{"include_margins":true}}},"order":["image_banner","featured_collection","1725346873449f2d4c"]}