{"sections":{"main":{"type":"main-page","settings":{"padding_top":36,"padding_bottom":36}},"form":{"type":"contact-form","settings":{"heading":"","heading_size":"h1","color_scheme":"scheme-1","padding_top":36,"padding_bottom":36}},"172951057362dadb60":{"type":"apps","blocks":{"simpleapp_star_rating_AngJBc":{"type":"shopify:\/\/apps\/simpleapp\/blocks\/star_rating\/be833cd2-9144-4ed6-83ac-5b7fe4a8f1e7","settings":{"text":"First Extension","colour":"#1340e6","vertical_alignment":"center","product_list":["latest-product-with-image","ghgfhdf","eerttertertertre","cherry"]}}},"block_order":["simpleapp_star_rating_AngJBc"],"settings":{"include_margins":true}}},"order":["main","form","172951057362dadb60"]}