{"sections":{"main":{"type":"main-product","blocks":{"vendor":{"type":"text","settings":{"text":"{{ product.vendor }}","text_style":"uppercase"}},"title":{"type":"title","settings":{}},"price":{"type":"price","settings":{}},"description":{"type":"description","settings":{}},"variant_picker":{"type":"variant_picker","settings":{"picker_type":"button","swatch_shape":"circle"}},"quantity_selector":{"type":"quantity_selector","settings":{}},"buy_buttons":{"type":"buy_buttons","settings":{"show_dynamic_checkout":true,"show_gift_card_recipient":true}},"wishlist_app_wishlist_X9TeBD":{"type":"shopify:\/\/apps\/wishlist-app\/blocks\/wishlist\/505b0b32-6022-4d06-9557-f7f6e977dbbe","settings":{"show_text":false,"test":"Wishlist App"}},"custom_liquid_dD9jFW":{"type":"custom_liquid","settings":{"custom_liquid":"{{ product.metafields.custom.first_metafeilds }}"}},"judge_me_reviews_preview_badge_intWzT":{"type":"shopify:\/\/apps\/judge-me-reviews\/blocks\/preview_badge\/61ccd3b1-a9f2-4160-9fe9-4fec8413e5d8","settings":{}}},"block_order":["vendor","title","price","description","variant_picker","quantity_selector","buy_buttons","wishlist_app_wishlist_X9TeBD","custom_liquid_dD9jFW","judge_me_reviews_preview_badge_intWzT"],"settings":{"enable_sticky_info":true,"color_scheme":"scheme-1","media_size":"medium","constrain_to_viewport":true,"media_fit":"cover","gallery_layout":"thumbnail_slider","media_position":"left","image_zoom":"hover","mobile_thumbnails":"show","hide_variants":false,"enable_video_looping":true,"padding_top":36,"padding_bottom":12}},"related-products":{"type":"related-products","settings":{"heading":"You may also like","heading_size":"h2","products_to_show":4,"columns_desktop":4,"color_scheme":"scheme-1","image_ratio":"square","image_shape":"default","show_secondary_image":true,"show_vendor":false,"show_rating":false,"columns_mobile":"2","padding_top":36,"padding_bottom":28}},"17357197771fef6f66":{"type":"apps","settings":{"include_margins":true}},"173615185158a21ba4":{"type":"apps","blocks":{"judge_me_reviews_review_widget_yYTCaj":{"type":"shopify:\/\/apps\/judge-me-reviews\/blocks\/review_widget\/61ccd3b1-a9f2-4160-9fe9-4fec8413e5d8","settings":{}}},"block_order":["judge_me_reviews_review_widget_yYTCaj"],"settings":{"include_margins":true}}},"order":["main","related-products","17357197771fef6f66","173615185158a21ba4"]}